1,1,1,1,1,Smallest
2,2,2,2,2,Small
2,2,2,2,3,Small
3,3,3,3,2,Smallest
3,3,3,3,4,Smallest
4,4,4,4,5,Smallest
5,1,1,1,1,Small
6,4,5,4,6,Smallest
7,5,6,2,7,Largest
7,5,6,2,8,Largest
7,5,6,2,9,Largest
7,5,6,2,10,Largest
7,5,6,2,11,Largest
7,5,6,2,12,Largest
7,5,6,2,13,Large
8,6,7,2,14,Small
9,4,8,4,15,Small
9,4,8,4,16,Small
9,4,8,4,17,Large
9,4,8,4,18,Medium
10,3,9,3,19,Smallest
11,7,10,5,20,Medium
11,7,10,5,2,Medium
12,8,11,2,21,Small
13,9,12,6,22,Medium
13,9,12,6,23,Small
14,5,6,7,22,Large
14,5,6,7,24,Large
14,5,6,7,25,Large
14,5,6,7,26,Large
14,5,6,7,27,Large
15,10,13,5,28,Small
15,10,13,5,29,Small
15,10,13,5,30,Small
16,11,14,8,31,Smallest
17,4,5,4,29,Small
18,2,15,2,32,Smallest
19,12,16,2,12,Small
20,13,17,6,33,Smallest
21,4,18,4,5,Smallest
22,2,2,2,34,Small
23,2,2,2,35,Small
23,2,2,2,36,Small
23,2,2,2,37,Small
24,14,19,2,31,Medium
25,2,20,2,38,Small
25,2,20,2,39,Medium
26,4,8,4,17,Medium
26,4,8,4,15,Small
26,4,8,4,9,Small
27,13,17,2,40,Smallest
28,1,21,5,41,Small
29,2,22,2,2,Smallest
30,15,23,2,32,Medium
31,8,24,2,42,Medium
31,8,24,2,43,Small
32,1,25,9,44,Smallest
33,13,26,2,45,Medium
34,14,27,10,22,Smallest
35,1,28,11,8,Small
35,1,28,11,46,Medium
35,1,28,11,47,Medium
36,16,29,4,48,Smallest
37,12,30,2,12,Small
38,13,31,6,4,Smallest
39,4,32,4,5,Smallest
40,3,3,3,4,Small
41,2,33,2,49,Small
42,13,34,2,46,Smallest
43,13,35,6,50,Smallest
43,13,35,6,51,Small
44,4,36,12,52,Small
44,4,36,12,12,Medium
44,4,36,12,53,Large
45,3,37,3,19,Smallest
46,3,38,3,4,Smallest
47,13,39,6,4,Small
48,4,4,4,54,Smallest
48,4,4,4,12,Small
48,4,4,4,55,Smallest
49,13,31,6,56,Smallest
49,13,31,6,57,Small
49,13,31,6,15,Small
50,12,40,2,58,Medium
50,12,40,2,59,Small
51,17,41,2,50,Smallest
52,16,29,4,49,Small
53,2,42,13,34,Small
53,2,42,13,60,Small
53,2,42,13,8,Small
54,4,43,4,61,Small
55,3,3,3,62,Small
56,3,3,3,22,Small
57,3,3,3,22,Small
58,8,44,2,50,Large
58,8,44,2,63,Small
59,4,32,4,5,Smallest
60,18,45,2,64,Smallest
60,18,45,2,65,Small
60,18,45,2,66,Smallest
60,18,45,2,67,Small
61,11,46,2,68,Medium
62,6,47,4,69,Smallest
63,2,2,2,70,Small
64,13,48,2,22,Largest
64,13,48,2,71,Small
64,13,48,2,72,Large
64,13,48,2,55,Largest
64,13,48,2,73,Smallest
64,13,48,2,74,Large
64,13,48,2,46,Large
65,3,3,3,4,Smallest
66,13,49,2,22,Small
66,13,49,2,75,Small
67,1,50,5,76,Medium
67,1,50,5,77,Medium
67,1,50,5,47,Medium
68,3,9,3,19,Small
68,3,9,3,78,Smallest
69,13,51,2,55,Small
70,19,52,2,69,Smallest
71,14,27,14,19,Small
72,14,27,2,22,Medium
72,14,27,2,79,Medium
73,4,53,4,72,Smallest
74,3,9,3,44,Smallest
75,2,54,2,80,Small
75,2,54,2,56,Small
75,2,54,2,2,Small
76,14,55,2,8,Medium
76,14,55,2,81,Medium
76,14,55,2,2,Medium
76,14,55,2,42,Medium
77,8,11,2,82,Smallest
77,8,11,2,2,Small
77,8,11,2,83,Small
78,11,56,15,74,Smallest
79,20,57,2,26,Medium
80,3,38,3,4,Smallest
80,3,38,3,2,Smallest
81,17,58,2,42,Small
81,17,58,2,46,Small
81,17,58,2,84,Large
82,18,59,2,82,Small
82,18,59,2,17,Small
83,2,60,11,85,Smallest
84,4,8,3,17,Smallest
85,13,61,6,86,Smallest
86,3,62,6,42,Smallest
86,3,62,6,87,Small
86,3,62,6,88,Small
86,3,62,6,4,Medium
87,13,63,16,89,Smallest
88,18,64,17,44,Small
89,1,1,1,1,Smallest
90,4,4,4,54,Smallest
91,2,2,2,49,Small
91,2,2,2,3,Small
92,2,2,2,85,Medium
93,2,2,2,79,Medium
94,16,29,2,48,Small
95,16,29,2,48,Small
96,5,65,2,69,Medium
97,9,66,6,90,Large
97,9,66,6,91,Small
97,9,66,6,92,Large
97,9,66,6,93,Largest
97,9,66,6,85,Largest
97,9,66,6,34,Large
98,4,67,2,94,Small
98,4,67,2,8,Smallest
99,12,68,2,95,Smallest
100,2,69,2,96,Small
100,2,69,2,97,Medium
100,2,69,2,76,Medium
101,2,42,2,14,Small
102,3,9,3,19,Medium
102,3,9,3,71,Smallest
103,11,70,2,98,Large
103,11,70,2,99,Medium
103,11,70,2,100,Large
103,11,70,2,55,Large
103,11,70,2,101,Small
103,11,70,2,102,Medium
104,3,3,3,71,Small
105,16,71,5,14,Smallest
106,13,72,6,22,Smallest
107,9,73,17,93,Smallest
108,13,48,2,22,Smallest
109,1,74,5,103,Smallest
110,13,31,6,22,Smallest
111,21,6,3,69,Smallest
112,13,17,6,71,Smallest
113,9,75,6,90,Small
114,13,31,6,4,Smallest
115,7,76,5,2,Smallest
116,3,9,2,19,Smallest
117,18,64,9,74,Smallest
117,18,64,9,44,Smallest
118,4,8,4,104,Smallest
119,5,6,18,34,Smallest
120,10,77,4,69,Smallest
121,10,78,4,21,Smallest
122,14,79,2,105,Small
123,11,14,8,106,Smallest
123,11,14,8,107,Smallest
124,5,6,19,68,Smallest
125,13,80,2,46,Medium
126,13,61,6,86,Smallest
127,11,81,20,53,Smallest
128,18,64,2,54,Smallest
128,18,64,2,26,Medium
129,21,82,3,14,Smallest
130,18,64,11,44,Smallest
131,2,2,2,108,Small
131,2,2,2,109,Small
131,2,2,2,110,Small
132,1,83,5,73,Large
132,1,83,5,100,Medium
132,1,83,5,66,Large
132,1,83,5,93,Large
133,1,84,2,14,Medium
133,1,84,2,111,Medium
134,2,2,2,32,Smallest
135,9,12,6,23,Small
135,9,12,6,4,Medium
136,14,85,2,112,Medium
136,14,85,2,4,Largest
136,14,85,2,43,Medium
137,10,86,4,69,Smallest
138,7,87,5,57,Medium
138,7,87,5,113,Small
138,7,87,5,38,Small
139,2,15,2,2,Medium
140,18,88,11,107,Medium
141,2,89,2,114,Small
141,2,89,2,82,Small
141,2,89,2,2,Medium
142,12,90,2,115,Large
142,12,90,2,31,Medium
142,12,90,2,116,Medium
143,11,14,8,117,Smallest
144,2,91,2,2,Medium
145,2,92,11,118,Small
146,18,93,2,119,Small
146,18,93,2,2,Small
147,4,8,4,120,Smallest
148,4,8,4,121,Smallest
149,4,8,4,122,Small
150,8,94,2,116,Smallest
150,8,94,2,93,Small
151,8,95,2,38,Smallest
152,7,96,5,123,Small
153,13,97,2,124,Medium
153,13,97,2,42,Smallest
153,13,97,2,125,Small
154,3,62,6,88,Smallest
154,3,62,6,4,Smallest
155,13,98,2,14,Smallest
156,10,99,21,69,Small
157,13,31,6,4,Smallest
158,12,100,2,15,Smallest
159,12,100,2,15,Smallest
160,12,101,2,126,Largest
160,12,101,2,127,Largest
160,12,101,2,31,Largest
160,12,101,2,41,Largest
160,12,101,2,76,Largest
160,12,101,2,17,Largest
160,12,101,2,115,Largest
161,16,29,4,48,Smallest
162,17,102,6,65,Smallest
163,8,103,2,116,Large
163,8,103,2,95,Medium
163,8,103,2,128,Large
163,8,103,2,129,Medium
164,4,104,12,12,Medium
164,4,104,12,54,Smallest
164,4,104,12,5,Medium
165,13,105,6,130,Smallest
165,13,105,6,86,Small
166,1,106,2,65,Medium
167,4,4,4,12,Smallest
168,2,107,2,42,Medium
168,2,107,2,131,Medium
169,14,108,14,5,Medium
169,14,108,14,38,Medium
169,14,108,14,132,Medium
170,14,108,2,99,Large
170,14,108,2,133,Medium
170,14,108,2,72,Large
170,14,108,2,8,Medium
170,14,108,2,31,Largest
171,4,5,4,55,Smallest
171,4,5,4,134,Small
171,4,5,4,7,Small
172,4,5,4,53,Medium
173,7,109,5,103,Medium
173,7,109,5,57,Medium
173,7,109,5,2,Large
173,7,109,5,35,Medium
173,7,109,5,38,Small
174,7,110,5,110,Smallest
175,2,2,2,34,Small
175,2,2,2,110,Small
176,4,5,4,54,Small
177,8,111,7,14,Small
178,20,112,22,2,Smallest
178,20,112,22,14,Small
179,4,113,4,130,Medium
179,4,113,4,55,Smallest
180,16,29,4,49,Small
181,3,114,6,63,Smallest
182,16,115,4,42,Smallest
183,4,8,4,130,Medium
184,16,29,4,48,Small
185,19,116,3,14,Smallest
186,20,117,22,12,Small
186,20,117,22,97,Small
186,20,117,22,93,Medium
187,8,118,2,116,Smallest
188,4,119,4,55,Smallest
189,4,120,4,104,Smallest
190,8,121,2,76,Smallest
191,8,122,2,12,Large
191,8,122,2,135,Medium
191,8,122,2,136,Medium
191,8,122,2,137,Large
191,8,122,2,138,Medium
191,8,122,2,58,Medium
191,8,122,2,5,Medium
192,14,123,2,58,Smallest
193,8,124,2,116,Smallest
194,2,2,2,139,Small
194,2,2,2,43,Small
195,9,125,6,36,Largest
195,9,125,6,93,Largest
195,9,125,6,90,Largest
195,9,125,6,85,Largest
196,4,126,4,122,Medium
196,4,126,4,7,Medium
196,4,126,4,12,Medium
197,7,127,23,123,Smallest
198,4,8,4,122,Small
199,4,4,4,12,Small
200,2,22,2,8,Medium
200,2,22,2,2,Medium
200,2,22,2,97,Small
201,2,2,2,3,Smallest
202,9,75,6,90,Small
203,12,128,24,73,Small
203,12,128,24,102,Smallest
203,12,128,24,140,Medium
203,12,128,24,141,Largest
204,13,51,6,142,Smallest
205,2,129,2,63,Medium
205,2,129,2,24,Medium
205,2,129,2,143,Medium
205,2,129,2,49,Large
206,4,130,4,68,Smallest
207,1,131,25,84,Small
207,1,131,25,144,Small
207,1,131,25,85,Medium
208,8,132,2,71,Largest
208,8,132,2,38,Medium
208,8,132,2,96,Small
208,8,132,2,50,Large
208,8,132,2,145,Largest
209,10,133,5,29,Small
209,10,133,5,12,Small
210,13,31,6,22,Smallest
211,4,8,2,5,Large
212,16,29,4,104,Small
213,10,134,4,57,Smallest
213,10,134,4,69,Smallest
214,21,135,3,14,Smallest
215,4,136,12,61,Smallest
216,4,43,4,61,Smallest
217,8,137,2,38,Medium
218,4,138,4,120,Smallest
219,2,139,2,146,Medium
219,2,139,2,137,Medium
219,2,139,2,2,Large
219,2,139,2,103,Medium
219,2,139,2,53,Medium
220,12,140,2,123,Medium
220,12,140,2,147,Medium
221,12,141,2,15,Smallest
222,14,142,26,86,Small
222,14,142,26,148,Small
223,4,4,4,12,Small
224,4,143,2,120,Smallest
225,13,17,2,33,Largest
225,13,17,2,42,Medium
225,13,17,2,57,Largest
225,13,17,2,146,Medium
226,1,144,5,42,Medium
227,5,6,2,7,Smallest
227,5,6,2,12,Smallest
228,4,145,4,68,Smallest
229,10,13,5,29,Smallest
230,13,146,2,38,Smallest
231,4,4,12,12,Smallest
232,13,39,6,38,Smallest
232,13,39,6,22,Small
233,14,147,2,58,Large
233,14,147,2,6,Medium
233,14,147,2,95,Largest
233,14,147,2,147,Large
234,13,31,6,19,Smallest
235,9,125,6,96,Medium
236,12,148,2,138,Largest
236,12,148,2,149,Medium
236,12,148,2,58,Largest
236,12,148,2,147,Largest
236,12,148,2,132,Medium
237,7,149,2,110,Smallest
237,7,149,2,69,Smallest
238,3,114,6,63,Smallest
239,9,125,6,90,Small
239,9,125,6,34,Small
240,9,150,27,90,Medium
241,18,151,2,102,Medium
241,18,151,2,150,Largest
241,18,151,2,109,Largest
241,18,151,2,107,Largest
242,4,152,5,7,Small
242,4,152,5,12,Small
243,4,153,5,121,Small
243,4,153,5,151,Small
243,4,153,5,12,Small
243,4,153,5,9,Small
244,5,6,3,149,Smallest
245,5,6,2,149,Small
246,13,97,2,152,Small
247,1,50,5,71,Small
247,1,50,5,25,Large
247,1,50,5,68,Medium
247,1,50,5,153,Medium
247,1,50,5,124,Large
247,1,50,5,149,Medium
248,6,154,4,41,Small
249,13,49,2,33,Largest
249,13,49,2,125,Medium
249,13,49,2,57,Large
249,13,49,2,62,Medium
249,13,49,2,154,Large
250,3,155,28,17,Smallest
251,9,125,6,4,Medium
252,5,6,29,155,Smallest
253,9,75,6,90,Medium
254,18,95,22,107,Medium
254,18,95,22,156,Large
254,18,95,22,157,Medium
254,18,95,22,50,Medium
255,3,9,3,19,Smallest
255,3,9,3,71,Smallest
256,3,9,3,19,Smallest
257,4,5,4,29,Small
258,20,156,2,69,Smallest
259,4,5,4,54,Medium
259,4,5,4,8,Medium
259,4,5,4,52,Medium
259,4,5,4,5,Medium
259,4,5,4,9,Medium
260,3,9,3,71,Smallest
260,3,9,3,19,Medium
261,3,9,3,19,Smallest
261,3,9,3,71,Smallest
262,13,17,2,158,Largest
263,3,3,3,4,Medium
263,3,3,3,2,Medium
264,18,157,9,44,Smallest
265,3,62,6,88,Smallest
265,3,62,6,4,Smallest
266,5,158,30,149,Smallest
267,3,9,3,19,Smallest
268,1,74,5,103,Small
269,1,159,5,159,Small
269,1,159,5,160,Small
270,20,160,2,82,Small
270,20,160,2,161,Medium
270,20,160,2,162,Small
270,20,160,2,163,Smallest
271,20,161,2,164,Large
271,20,161,2,162,Largest
271,20,161,2,165,Largest
271,20,161,2,166,Largest
271,20,161,2,167,Largest
272,2,2,2,161,Small
273,3,162,31,4,Small
274,17,163,2,85,Smallest
275,2,164,2,2,Smallest
276,2,165,2,129,Smallest
276,2,165,2,2,Small
277,2,164,2,2,Smallest
278,2,2,2,49,Medium
278,2,2,2,85,Large
278,2,2,2,73,Large
278,2,2,2,168,Large
278,2,2,2,3,Large
278,2,2,2,95,Large
279,5,6,2,169,Largest
279,5,6,2,166,Largest
279,5,6,2,170,Largest
279,5,6,2,113,Largest
279,5,6,2,35,Largest
280,11,81,20,31,Smallest
281,13,17,32,33,Smallest
282,12,166,2,171,Largest
282,12,166,2,15,Largest
282,12,166,2,58,Largest
282,12,166,2,52,Largest
282,12,166,2,172,Medium
283,9,167,33,173,Medium
283,9,167,33,155,Smallest
283,9,167,33,2,Medium
283,9,167,33,71,Large
283,9,167,33,174,Medium
284,9,3,3,4,Small
285,5,6,2,175,Medium
286,1,168,5,47,Large
286,1,168,5,76,Large
287,5,6,2,176,Largest
287,5,6,2,124,Largest
287,5,6,2,107,Largest
287,5,6,2,177,Medium
287,5,6,2,178,Largest
288,13,169,5,159,Smallest
289,13,169,5,159,Small
290,18,170,2,44,Largest
291,4,171,4,122,Smallest
292,7,172,5,12,Smallest
293,18,173,11,140,Smallest
294,1,174,25,84,Smallest
295,2,175,2,36,Smallest
296,13,169,2,84,Smallest
297,13,169,2,159,Smallest
297,13,169,2,84,Smallest
298,13,169,2,179,Smallest
299,13,169,2,25,Medium
299,13,169,2,159,Medium
300,1,176,2,36,Medium
300,1,176,2,5,Medium
300,1,176,2,84,Smallest
300,1,176,2,110,Smallest
301,1,177,2,46,Medium
302,11,81,20,180,Smallest
302,11,81,20,55,Smallest
302,11,81,20,85,Small
303,1,178,1,1,Small
304,4,130,4,122,Smallest
305,13,179,2,125,Small
306,7,180,5,2,Smallest
307,3,181,6,63,Smallest
308,3,182,3,181,Smallest
309,13,31,6,19,Smallest
310,4,5,34,55,Smallest
311,13,63,2,25,Smallest
312,18,183,2,97,Medium
313,18,184,17,85,Small
313,18,184,17,182,Small
314,13,179,2,125,Small
315,13,17,32,138,Medium
315,13,17,32,183,Medium
316,11,81,20,184,Smallest
316,11,81,20,180,Small
316,11,81,20,93,Smallest
316,11,81,20,73,Smallest
317,1,64,11,44,Smallest
317,1,64,11,74,Small
318,17,185,11,110,Smallest
319,3,186,6,4,Small
319,3,186,6,63,Smallest
319,3,186,6,42,Smallest
320,3,3,3,4,Smallest
321,13,146,2,66,Smallest
322,4,187,12,5,Smallest
323,17,188,11,65,Small
323,17,188,11,90,Smallest
324,13,31,6,4,Smallest
325,9,189,17,22,Small
326,13,31,6,19,Smallest
327,9,12,6,4,Small
327,9,12,6,2,Small
328,3,190,35,15,Small
328,3,190,35,53,Medium
329,13,35,2,185,Smallest
330,16,191,4,18,Medium
330,16,191,4,12,Smallest
331,4,192,4,18,Small
332,3,9,3,19,Smallest
333,10,193,4,14,Small
333,10,193,4,112,Small
334,16,194,4,69,Smallest
335,4,195,4,61,Smallest
336,16,196,4,186,Smallest
337,13,17,32,33,Small
338,2,15,2,2,Medium
338,2,15,2,119,Medium
339,13,17,2,43,Medium
340,13,17,6,23,Smallest
341,4,197,12,5,Small
342,9,198,27,187,Large
342,9,198,27,188,Largest
342,9,198,27,53,Medium
342,9,198,27,129,Medium
342,9,198,27,90,Largest
343,17,199,27,129,Small
343,17,199,27,44,Small
344,16,200,4,21,Smallest
345,4,201,12,5,Smallest
346,4,195,12,61,Small
347,4,202,4,61,Small
348,4,202,4,61,Small
349,13,31,6,22,Smallest
350,5,203,36,97,Smallest
351,11,204,15,135,Smallest
352,4,205,12,22,Smallest
353,1,206,2,189,Small
353,1,206,2,110,Smallest
354,13,61,6,86,Smallest
355,13,207,6,4,Smallest
356,17,208,11,85,Small
357,13,209,6,55,Small
358,3,186,6,4,Smallest
358,3,186,6,63,Smallest
359,5,210,37,190,Smallest
360,16,29,4,48,Smallest
361,3,211,31,130,Small
361,3,211,31,4,Small
362,4,8,4,191,Smallest
363,20,212,2,17,Smallest
363,20,212,2,41,Small
364,1,213,25,2,Smallest
365,18,214,2,192,Medium
365,18,214,2,41,Smallest
365,18,214,2,71,Medium
366,5,215,38,193,Medium
366,5,215,38,194,Medium
366,5,215,38,195,Medium
366,5,215,38,196,Medium
366,5,215,38,116,Medium
366,5,215,38,35,Medium
366,5,215,38,197,Medium
366,5,215,38,147,Medium
367,5,6,38,198,Large
368,1,25,9,47,Smallest
369,4,195,2,61,Medium
370,7,216,5,2,Small
371,7,217,5,25,Smallest
372,2,218,2,190,Small
373,4,219,4,22,Smallest
374,13,39,6,4,Small
375,13,220,6,4,Smallest
376,16,191,4,12,Smallest
377,20,221,2,137,Small
377,20,221,2,193,Small
377,20,221,2,109,Small
378,20,151,2,77,Medium
378,20,151,2,68,Medium
379,13,31,6,199,Smallest
379,13,31,6,57,Small
379,13,31,6,19,Small
380,4,195,12,61,Smallest
381,2,222,2,190,Small
382,13,17,6,33,Smallest
383,2,223,2,8,Small
384,8,121,2,200,Medium
385,16,224,4,15,Small
386,16,224,4,12,Small
387,2,2,2,3,Small
387,2,2,2,198,Small
388,10,78,4,201,Small
389,12,225,4,99,Medium
389,12,225,4,130,Medium
390,5,6,39,202,Smallest
391,10,134,21,12,Smallest
392,13,226,2,203,Smallest
393,8,227,2,69,Smallest
394,2,228,2,43,Small
394,2,228,2,49,Small
394,2,228,2,204,Small
394,2,228,2,205,Smallest
395,2,229,2,173,Small
396,3,3,3,2,Smallest
396,3,3,3,4,Smallest
397,13,31,6,19,Small
398,3,9,3,19,Smallest
399,4,4,12,73,Smallest
400,13,49,2,19,Small
400,13,49,2,33,Medium
401,3,3,3,2,Smallest
401,3,3,3,4,Smallest
402,10,230,3,18,Smallest
402,10,230,3,31,Smallest
402,10,230,3,137,Small
403,3,231,3,4,Small
403,3,231,3,34,Small
404,13,17,32,138,Medium
404,13,17,32,206,Medium
404,13,17,32,207,Medium
404,13,17,32,208,Medium
405,2,232,5,2,Medium
406,11,233,20,73,Small
406,11,233,20,37,Small
406,11,233,20,55,Small
406,11,233,20,209,Small
406,11,233,20,210,Small
407,3,3,3,4,Smallest
408,3,3,3,4,Small
409,13,31,6,86,Small
410,9,125,6,211,Large
410,9,125,6,212,Large
410,9,125,6,169,Small
410,9,125,6,34,Largest
410,9,125,6,90,Largest
410,9,125,6,4,Largest
410,9,125,6,93,Largest
411,4,195,12,61,Small
412,4,171,12,5,Medium
412,4,171,12,52,Small
412,4,171,12,12,Medium
413,4,143,4,191,Smallest
414,3,3,3,4,Smallest
415,4,234,12,12,Medium
415,4,234,12,54,Medium
415,4,234,12,51,Small
415,4,234,12,5,Medium
416,4,235,12,61,Smallest
417,14,236,40,69,Smallest
418,3,9,3,2,Smallest
418,3,9,3,19,Smallest
419,13,17,2,56,Medium
419,13,17,2,213,Small
419,13,17,2,62,Smallest
420,2,2,2,214,Small
421,4,237,12,5,Smallest
422,13,48,6,22,Smallest
423,21,238,3,14,Smallest
424,12,239,2,123,Smallest
425,13,17,2,146,Medium
426,7,127,41,123,Smallest
427,5,6,38,111,Medium
428,10,240,2,58,Smallest
429,11,14,8,8,Smallest
429,11,14,8,31,Smallest
430,13,226,2,215,Smallest
431,11,14,8,31,Smallest
432,16,29,4,49,Small
433,13,51,6,90,Small
434,13,35,2,216,Small
435,4,241,12,61,Smallest
435,4,241,12,55,Smallest
435,4,241,12,48,Small
436,11,14,2,31,Largest
436,11,14,2,99,Largest
436,11,14,2,73,Largest
436,11,14,2,93,Largest
436,11,14,2,106,Large
436,11,14,2,134,Largest
437,3,242,28,130,Smallest
438,3,3,3,4,Small
439,1,243,25,85,Smallest
440,11,14,8,93,Smallest
441,11,14,8,37,Medium
441,11,14,8,99,Small
441,11,14,8,106,Small
441,11,14,8,73,Small
441,11,14,8,31,Medium
441,11,14,8,93,Small
442,5,215,18,64,Small
443,5,6,38,217,Medium
443,5,6,38,218,Medium
444,5,6,42,30,Smallest
445,18,244,2,86,Smallest
445,18,244,2,25,Small
446,2,2,2,2,Small
446,2,2,2,219,Small
447,3,186,35,88,Smallest
448,16,224,4,12,Smallest
449,9,75,17,22,Smallest
450,5,6,38,220,Medium
451,2,245,2,2,Small
451,2,245,2,38,Small
452,12,246,2,12,Smallest
453,7,247,5,2,Medium
453,7,247,5,103,Medium
453,7,247,5,169,Small
454,7,149,5,47,Small
454,7,149,5,84,Small
454,7,149,5,119,Smallest
455,4,237,4,7,Smallest
455,4,237,4,8,Small
455,4,237,4,221,Small
455,4,237,4,12,Small
456,19,248,3,222,Smallest
457,13,39,6,22,Smallest
458,13,17,35,55,Smallest
459,16,249,4,46,Smallest
460,15,250,3,187,Smallest
461,13,31,6,22,Smallest
462,13,17,2,33,Small
463,11,14,29,93,Medium
463,11,14,29,214,Medium
463,11,14,29,73,Small
463,11,14,29,31,Medium
463,11,14,29,37,Medium
463,11,14,29,106,Small
464,13,31,6,86,Smallest
465,11,251,15,223,Smallest
466,5,210,2,34,Largest
467,21,252,3,14,Smallest
468,5,6,19,34,Smallest
469,6,253,4,42,Smallest
469,6,253,4,7,Smallest
470,2,2,2,3,Medium
470,2,2,2,109,Medium
470,2,2,2,73,Large
470,2,2,2,169,Small
471,13,254,5,154,Smallest
472,13,39,2,22,Medium
472,13,39,2,53,Small
472,13,39,2,15,Small
472,13,39,2,38,Medium
473,15,250,2,32,Medium
474,13,39,6,22,Medium
475,5,65,2,129,Medium
476,4,5,2,54,Large
477,9,75,6,109,Small
478,13,80,2,46,Medium
479,2,2,2,38,Small
479,2,2,2,137,Small
480,8,121,2,222,Smallest
481,1,255,5,116,Medium
481,1,255,5,103,Large
481,1,255,5,41,Medium
481,1,255,5,2,Medium
481,1,255,5,96,Small
482,9,75,6,90,Medium
483,9,75,6,34,Medium
483,9,75,6,85,Medium
484,6,256,4,12,Smallest
485,3,257,31,4,Small
486,20,258,2,224,Small
486,20,258,2,116,Smallest
486,20,258,2,103,Medium
487,7,96,43,46,Smallest
488,13,31,6,4,Small
489,10,259,21,69,Smallest
490,2,260,2,26,Small
491,13,17,2,225,Small
492,5,215,38,109,Smallest
492,5,215,38,68,Smallest
493,9,167,33,111,Smallest
494,10,261,5,12,Small
495,16,262,4,14,Smallest
496,18,263,2,44,Smallest
497,11,14,8,37,Small
497,11,14,8,31,Small
498,11,14,44,73,Smallest
499,3,62,6,63,Smallest
500,13,63,2,15,Large
500,13,63,2,22,Large
501,8,264,2,78,Medium
502,21,265,3,69,Smallest
503,3,3,3,4,Smallest
504,13,266,2,138,Small
504,13,266,2,106,Small
505,3,9,3,19,Small
506,4,53,4,72,Smallest
507,11,267,2,15,Medium
508,11,267,2,15,Medium
509,3,9,3,19,Smallest
509,3,9,3,71,Smallest
510,11,14,45,106,Smallest
511,12,268,2,15,Smallest
512,14,142,2,148,Small
512,14,142,2,193,Small
513,13,269,2,226,Medium
513,13,269,2,46,Small
513,13,269,2,125,Small
514,13,226,2,55,Medium
514,13,226,2,159,Medium
514,13,226,2,116,Small
514,13,226,2,25,Medium
515,14,270,14,19,Small
515,14,270,14,129,Smallest
516,14,270,2,74,Medium
516,14,270,2,22,Medium
517,3,9,2,71,Medium
517,3,9,2,19,Largest
518,2,271,2,97,Smallest
519,19,272,2,14,Smallest
520,13,17,6,227,Smallest
521,18,273,2,60,Large
521,18,273,2,184,Medium
521,18,273,2,228,Large
521,18,273,2,193,Large
521,18,273,2,93,Small
521,18,273,2,71,Medium
522,2,274,2,229,Medium
522,2,274,2,22,Medium
523,11,81,20,153,Smallest
524,2,275,2,55,Medium
524,2,275,2,116,Smallest
524,2,275,2,8,Medium
524,2,275,2,186,Medium
525,13,35,2,46,Smallest
526,12,6,7,26,Smallest
527,12,6,2,37,Largest
527,12,6,2,94,Large
527,12,6,2,73,Largest
527,12,6,2,38,Largest
527,12,6,2,109,Largest
527,12,6,2,36,Large
527,12,6,2,156,Large
528,2,2,2,3,Smallest
529,2,2,2,223,Smallest
530,2,2,2,57,Smallest
531,2,2,2,108,Small
532,2,2,2,49,Medium
533,2,2,2,230,Smallest
534,2,2,2,186,Small
534,2,2,2,231,Small
535,2,2,2,145,Medium
536,2,2,2,232,Smallest
537,13,146,2,25,Medium
537,13,146,2,57,Medium
537,13,146,2,158,Medium
537,13,146,2,56,Large
537,13,146,2,71,Smallest
538,13,17,6,55,Smallest
539,11,81,20,37,Smallest
540,11,276,20,128,Small
541,5,65,2,26,Medium
542,5,6,38,214,Large
543,3,277,6,88,Smallest
543,3,277,6,4,Smallest
544,13,278,6,22,Large
545,13,48,2,142,Small
546,13,226,2,26,Smallest
547,2,279,2,36,Medium
547,2,279,2,38,Small
548,18,280,2,86,Medium
548,18,280,2,38,Medium
548,18,280,2,149,Medium
549,8,281,2,65,Smallest
550,17,41,2,185,Smallest
550,17,41,2,233,Smallest
551,18,170,2,44,Largest
551,18,170,2,234,Large
551,18,170,2,185,Large
551,18,170,2,235,Small
551,18,170,2,26,Large
551,18,170,2,236,Medium
552,18,282,2,71,Small
552,18,282,2,237,Small
552,18,282,2,109,Smallest
552,18,282,2,144,Small
553,20,283,22,93,Smallest
554,22,284,3,14,Smallest
555,13,31,6,4,Smallest
556,13,80,2,46,Medium
557,16,285,4,69,Smallest
558,13,226,2,238,Smallest
559,13,17,6,33,Smallest
560,13,49,2,142,Medium
560,13,49,2,225,Medium
561,13,49,2,55,Smallest
562,13,269,2,25,Small
563,14,286,2,138,Smallest
564,3,3,3,4,Smallest
564,3,3,3,2,Smallest
565,20,57,2,32,Small
565,20,57,2,239,Small
566,20,57,2,42,Smallest
567,13,31,6,22,Smallest
567,13,31,6,15,Small
568,13,17,6,15,Smallest
569,4,287,4,12,Small
569,4,287,4,5,Small
570,2,288,2,112,Medium
570,2,288,2,240,Medium
570,2,288,2,63,Medium
571,4,171,4,12,Medium
571,4,171,4,72,Medium
572,10,289,2,14,Smallest
573,3,186,31,63,Smallest
573,3,186,31,88,Smallest
573,3,186,31,4,Smallest
574,9,75,6,90,Medium
574,9,75,6,34,Medium
575,1,290,1,1,Smallest
576,13,105,6,86,Small
577,13,39,6,241,Smallest
577,13,39,6,4,Medium
577,13,39,6,15,Smallest
578,13,35,2,185,Smallest
578,13,35,2,107,Smallest
579,5,6,38,242,Medium
580,10,291,4,21,Smallest
581,14,108,46,31,Smallest
582,13,41,2,185,Small
582,13,41,2,85,Smallest
583,16,29,4,48,Small
584,9,75,6,90,Medium
585,2,2,2,49,Small
585,2,2,2,110,Medium
585,2,2,2,3,Large
585,2,2,2,243,Medium
585,2,2,2,38,Small
585,2,2,2,135,Small
586,4,219,2,61,Small
586,4,219,2,120,Small
587,11,14,45,117,Smallest
588,13,17,6,2,Smallest
589,18,292,2,60,Smallest
590,13,35,2,4,Small
590,13,35,2,62,Smallest
590,13,35,2,25,Small
591,3,293,2,69,Smallest
592,13,294,2,9,Medium
592,13,294,2,212,Small
592,13,294,2,138,Small
593,7,109,5,2,Smallest
594,18,295,2,60,Small
594,18,295,2,41,Small
594,18,295,2,2,Small
594,18,295,2,119,Small
595,18,137,2,244,Small
595,18,137,2,38,Smallest
595,18,137,2,71,Small
596,10,296,5,12,Small
597,4,297,47,53,Small
597,4,297,47,12,Smallest
598,4,298,12,130,Large
598,4,298,12,30,Small
599,1,74,2,69,Smallest
600,6,299,2,14,Medium
601,1,300,5,103,Large
601,1,300,5,74,Large
602,2,2,2,111,Small
603,5,6,2,71,Largest
603,5,6,2,73,Largest
604,14,286,2,95,Smallest
605,13,294,2,245,Medium
606,13,294,3,24,Smallest
607,13,294,32,246,Small
607,13,294,32,138,Small
608,12,301,2,247,Small
609,12,302,2,58,Medium
610,12,302,2,58,Medium
611,7,99,5,186,Small
612,3,3,3,2,Small
612,3,3,3,4,Medium
613,13,31,6,4,Small
614,4,303,12,5,Small
614,4,303,12,73,Small
615,1,304,25,85,Smallest
616,8,121,2,71,Large
617,10,305,4,57,Small
617,10,305,4,7,Smallest
617,10,305,4,12,Small
618,6,306,4,69,Smallest
619,20,307,2,93,Medium
619,20,307,2,42,Medium
619,20,307,2,116,Smallest
620,8,308,2,14,Medium
621,13,48,2,29,Medium
621,13,48,2,142,Medium
621,13,48,2,71,Small
621,13,48,2,46,Large
621,13,48,2,2,Medium
622,1,255,5,248,Small
622,1,255,5,64,Small
623,1,309,5,110,Medium
623,1,309,5,249,Medium
623,1,309,5,36,Medium
624,13,17,5,89,Small
625,3,9,3,122,Medium
625,3,9,3,71,Medium
625,3,9,3,55,Medium
625,3,9,3,57,Large
625,3,9,3,19,Largest
625,3,9,3,23,Medium
626,9,75,6,3,Large
626,9,75,6,90,Medium
626,9,75,6,233,Medium
627,9,125,6,93,Medium
627,9,125,6,90,Large
628,17,310,2,84,Medium
628,17,310,2,65,Medium
629,13,39,6,38,Smallest
629,13,39,6,19,Medium
630,13,17,32,227,Medium
630,13,17,32,62,Small
630,13,17,32,111,Medium
630,13,17,32,57,Medium
631,13,80,2,22,Smallest
632,13,17,6,28,Smallest
633,7,311,5,2,Smallest
634,7,247,5,2,Small
635,18,178,11,109,Small
635,18,178,11,43,Small
636,3,37,3,19,Smallest
637,19,248,3,222,Smallest
638,12,312,24,250,Small
639,3,114,6,63,Smallest
640,13,17,32,57,Small
640,13,17,32,33,Large
640,13,17,32,251,Medium
641,4,313,4,141,Small
642,4,219,4,61,Small
642,4,219,4,55,Smallest
642,4,219,4,48,Smallest
643,9,314,6,34,Small
643,9,314,6,41,Small
644,11,14,45,31,Smallest
645,3,315,3,69,Smallest
646,3,316,31,252,Small
646,3,316,31,82,Small
646,3,316,31,4,Medium
646,3,316,31,104,Small
647,13,31,6,15,Smallest
647,13,31,6,22,Smallest
648,13,39,2,22,Small
649,9,12,6,4,Medium
649,9,12,6,15,Small
649,9,12,6,19,Medium
649,9,12,6,240,Small
649,9,12,6,143,Smallest
649,9,12,6,253,Small
650,10,317,5,6,Small
651,10,133,5,181,Small
651,10,133,5,6,Small
652,4,5,4,15,Smallest
653,11,14,8,37,Smallest
653,11,14,8,30,Small
654,12,318,2,147,Small
655,19,248,2,14,Smallest
656,13,31,6,4,Smallest
657,10,291,4,12,Smallest
658,22,319,3,69,Smallest
659,3,3,3,4,Smallest
660,2,320,2,160,Medium
660,2,320,2,85,Medium
660,2,320,2,204,Medium
660,2,320,2,49,Small
660,2,320,2,38,Medium
661,12,318,2,147,Large
661,12,318,2,171,Small
661,12,318,2,123,Largest
661,12,318,2,95,Largest
662,13,51,6,22,Smallest
663,11,14,8,157,Small
664,13,31,6,22,Smallest
665,6,321,4,69,Smallest
666,7,297,5,12,Small
667,13,17,32,225,Smallest
668,10,77,4,12,Smallest
669,7,322,5,2,Small
670,7,323,5,25,Smallest
671,1,60,11,74,Medium
671,1,60,11,86,Medium
671,1,60,11,44,Medium
671,1,60,11,137,Small
672,17,324,11,85,Smallest
673,1,325,5,254,Small
674,2,2,2,190,Small
675,18,184,11,44,Smallest
676,4,8,4,61,Small
676,4,8,4,130,Large
676,4,8,4,8,Small
676,4,8,4,123,Medium
677,11,81,20,93,Smallest
677,11,81,20,74,Smallest
678,11,14,20,31,Smallest
679,9,12,6,86,Medium
680,18,326,2,255,Medium
680,18,326,2,142,Smallest
680,18,326,2,71,Small
680,18,326,2,256,Medium
680,18,326,2,44,Medium
680,18,326,2,109,Small
681,20,327,2,116,Medium
682,16,192,4,14,Smallest
683,5,6,38,257,Medium
684,13,35,2,118,Medium
684,13,35,2,22,Large
684,13,35,2,61,Medium
684,13,35,2,57,Large
684,13,35,2,55,Large
684,13,35,2,15,Large
685,4,5,4,230,Small
686,14,328,2,22,Small
687,9,329,11,90,Smallest
687,9,329,11,44,Small
688,17,330,11,258,Medium
688,17,330,11,84,Small
688,17,330,11,85,Large
689,4,43,12,61,Small
690,2,2,2,116,Smallest
691,14,331,2,22,Medium
692,3,332,35,4,Medium
692,3,332,35,36,Medium
692,3,332,35,85,Medium
692,3,332,35,48,Medium
693,12,333,2,123,Medium
694,12,6,2,5,Small
695,18,157,11,44,Smallest
696,3,62,35,4,Smallest
696,3,62,35,63,Smallest
696,3,62,35,88,Smallest
697,13,334,2,85,Smallest
698,4,8,4,121,Smallest
699,8,118,2,116,Smallest
700,13,31,6,22,Smallest
701,3,9,3,19,Smallest
702,20,57,2,155,Smallest
703,9,75,6,93,Medium
703,9,75,6,34,Medium
703,9,75,6,90,Large
704,19,335,3,69,Smallest
705,1,336,2,111,Medium
705,1,336,2,189,Large
705,1,336,2,86,Small
705,1,336,2,76,Smallest
705,1,336,2,137,Small
706,8,264,2,76,Smallest
707,5,6,37,155,Smallest
708,4,337,4,7,Small
708,4,337,4,12,Medium
708,4,337,4,6,Medium
709,6,338,4,14,Smallest
710,3,9,3,19,Smallest
711,18,64,11,259,Smallest
712,16,29,4,48,Small
713,1,339,5,135,Small
713,1,339,5,103,Large
713,1,339,5,118,Medium
714,1,340,5,107,Medium
715,18,151,2,124,Small
715,18,151,2,29,Small
715,18,151,2,36,Largest
715,18,151,2,42,Medium
715,18,151,2,140,Largest
716,13,31,6,19,Smallest
717,4,341,4,5,Medium
717,4,341,4,9,Small
717,4,341,4,46,Medium
717,4,341,4,51,Medium
718,9,75,6,90,Small
719,11,14,8,157,Small
720,7,127,48,15,Smallest
721,11,14,8,157,Small
721,11,14,8,260,Small
721,11,14,8,106,Smallest
721,11,14,8,31,Smallest
721,11,14,8,37,Smallest
722,4,342,47,130,Smallest
723,1,290,2,42,Smallest
724,13,226,2,45,Smallest
725,6,338,4,14,Smallest
726,7,343,5,2,Smallest
727,9,12,6,22,Medium
